{
  "Base": {
    "Black": {
      "value": "#000000",
      "type": "color"
    },
    "White": {
      "value": "#ffffff",
      "type": "color"
    }
  },
  "Primary": {
    "100": {
      "value": "#faffed",
      "type": "color"
    },
    "200": {
      "value": "#f8ffe6",
      "type": "color"
    },
    "300": {
      "value": "#f2ffce",
      "type": "color"
    },
    "400": {
      "value": "#ebffb6",
      "type": "color"
    },
    "500": {
      "value": "#e4ff9d",
      "type": "color"
    },
    "600": {
      "value": "#deff85",
      "type": "color"
    },
    "700": {
      "value": "#d7ff6d",
      "type": "color"
    },
    "800": {
      "value": "#d0ff54",
      "type": "color"
    },
    "900": {
      "value": "#bfee43",
      "type": "color"
    },
    "1000": {
      "value": "#a4cc3a",
      "type": "color"
    },
    "1100": {
      "value": "#89aa30",
      "type": "color"
    },
    "1200": {
      "value": "#6d8826",
      "type": "color"
    },
    "1300": {
      "value": "#52661d",
      "type": "color"
    },
    "1400": {
      "value": "#374413",
      "type": "color"
    },
    "1500": {
      "value": "#1b220a",
      "type": "color"
    }
  },
  "Secondary": {
    "100": {
      "value": "#e8e8e8",
      "type": "color"
    },
    "200": {
      "value": "#e0e0e0",
      "type": "color"
    },
    "300": {
      "value": "#c2c2c2",
      "type": "color"
    },
    "400": {
      "value": "#a3a3a3",
      "type": "color"
    },
    "500": {
      "value": "#858585",
      "type": "color"
    },
    "600": {
      "value": "#666666",
      "type": "color"
    },
    "700": {
      "value": "#484848",
      "type": "color"
    },
    "800": {
      "value": "#292929",
      "type": "color"
    },
    "900": {
      "value": "#181818",
      "type": "color"
    },
    "1000": {
      "value": "#151515",
      "type": "color"
    },
    "1100": {
      "value": "#111111",
      "type": "color"
    },
    "1200": {
      "value": "#0e0e0e",
      "type": "color"
    },
    "1300": {
      "value": "#0a0a0a",
      "type": "color"
    },
    "1400": {
      "value": "#070707",
      "type": "color"
    },
    "1500": {
      "value": "#030303",
      "type": "color"
    }
  },
  "Neutral": {
    "100": {
      "value": "#f8fafb",
      "type": "color"
    },
    "200": {
      "value": "#f6f8f9",
      "type": "color"
    },
    "300": {
      "value": "#edf1f4",
      "type": "color"
    },
    "400": {
      "value": "#e5ebee",
      "type": "color"
    },
    "500": {
      "value": "#dce4e8",
      "type": "color"
    },
    "600": {
      "value": "#d3dde2",
      "type": "color"
    },
    "700": {
      "value": "#cad6dd",
      "type": "color"
    },
    "800": {
      "value": "#c1cfd7",
      "type": "color"
    },
    "900": {
      "value": "#b1bfc6",
      "type": "color"
    },
    "1000": {
      "value": "#97a3aa",
      "type": "color"
    },
    "1100": {
      "value": "#7e888d",
      "type": "color"
    },
    "1200": {
      "value": "#656d71",
      "type": "color"
    },
    "1300": {
      "value": "#4c5255",
      "type": "color"
    },
    "1400": {
      "value": "#323638",
      "type": "color"
    },
    "1500": {
      "value": "#191b1c",
      "type": "color"
    }
  },
  "Blue": {
    "100": {
      "value": "#E0F2FF",
      "type": "color"
    },
    "200": {
      "value": "#cae8ff",
      "type": "color"
    },
    "300": {
      "value": "#b5deff",
      "type": "color"
    },
    "400": {
      "value": "#96cefd",
      "type": "color"
    },
    "500": {
      "value": "#78bbfa",
      "type": "color"
    },
    "600": {
      "value": "#59a7f6",
      "type": "color"
    },
    "700": {
      "value": "#3892f3",
      "type": "color"
    },
    "800": {
      "value": "#147af3",
      "type": "color"
    },
    "900": {
      "value": "#0265dc",
      "type": "color"
    },
    "1000": {
      "value": "#0054b6",
      "type": "color"
    },
    "1100": {
      "value": "#004491",
      "type": "color"
    },
    "1200": {
      "value": "#003571",
      "type": "color"
    },
    "1300": {
      "value": "#002754",
      "type": "color"
    },
    "1400": {
      "value": "#001c3c",
      "type": "color"
    }
  },
  "Green": {
    "100": {
      "value": "#edf7f0",
      "type": "color"
    },
    "200": {
      "value": "#e7f5eb",
      "type": "color"
    },
    "300": {
      "value": "#d0ebd8",
      "type": "color"
    },
    "400": {
      "value": "#b9e0c5",
      "type": "color"
    },
    "500": {
      "value": "#a1d6b1",
      "type": "color"
    },
    "600": {
      "value": "#8acc9e",
      "type": "color"
    },
    "700": {
      "value": "#72c18a",
      "type": "color"
    },
    "800": {
      "value": "#5bb777",
      "type": "color"
    },
    "900": {
      "value": "#4aa666",
      "type": "color"
    },
    "1000": {
      "value": "#3f8e57",
      "type": "color"
    },
    "1100": {
      "value": "#357749",
      "type": "color"
    },
    "1200": {
      "value": "#2a5f3a",
      "type": "color"
    },
    "1300": {
      "value": "#20472c",
      "type": "color"
    },
    "1400": {
      "value": "#152f1d",
      "type": "color"
    },
    "1500": {
      "value": "#0b180f",
      "type": "color"
    }
  },
  "Orange": {
    "100": {
      "value": "#ffeccc",
      "type": "color"
    },
    "200": {
      "value": "#ffdfad",
      "type": "color"
    },
    "300": {
      "value": "#fdd291",
      "type": "color"
    },
    "400": {
      "value": "#ffbb63",
      "type": "color"
    },
    "500": {
      "value": "#ffa037",
      "type": "color"
    },
    "600": {
      "value": "#f68511",
      "type": "color"
    },
    "700": {
      "value": "#e46f00",
      "type": "color"
    },
    "800": {
      "value": "#cb5d00",
      "type": "color"
    },
    "900": {
      "value": "#b14c00",
      "type": "color"
    },
    "1000": {
      "value": "#953d00",
      "type": "color"
    },
    "1100": {
      "value": "#7a2f00",
      "type": "color"
    },
    "1200": {
      "value": "#612300",
      "type": "color"
    },
    "1300": {
      "value": "#491901",
      "type": "color"
    },
    "1400": {
      "value": "#351201",
      "type": "color"
    }
  },
  "Red": {
    "100": {
      "value": "#fdeeec",
      "type": "color"
    },
    "200": {
      "value": "#fce8e6",
      "type": "color"
    },
    "300": {
      "value": "#f9d1cd",
      "type": "color"
    },
    "400": {
      "value": "#f7bab4",
      "type": "color"
    },
    "500": {
      "value": "#f4a39b",
      "type": "color"
    },
    "600": {
      "value": "#f18c82",
      "type": "color"
    },
    "700": {
      "value": "#ee7569",
      "type": "color"
    },
    "800": {
      "value": "#eb5e4f",
      "type": "color"
    },
    "900": {
      "value": "#db4e3f",
      "type": "color"
    },
    "1000": {
      "value": "#bb4236",
      "type": "color"
    },
    "1100": {
      "value": "#9c372d",
      "type": "color"
    },
    "1200": {
      "value": "#7d2c24",
      "type": "color"
    },
    "1300": {
      "value": "#5e211b",
      "type": "color"
    },
    "1400": {
      "value": "#3e1612",
      "type": "color"
    },
    "1500": {
      "value": "#1f0b09",
      "type": "color"
    }
  }
}